USE [master]
GO
/****** Object:  Database [PlanPaddyTest]    Script Date: 11/04/2021 13:52:49 ******/
CREATE DATABASE [PlanPaddyTest]
GO
IF (1 = FULLTEXTSERVICEPROPERTY('IsFullTextInstalled'))
begin
EXEC [PlanPaddyTest].[dbo].[sp_fulltext_database] @action = 'enable'
end
GO
ALTER DATABASE [PlanPaddyTest] SET ANSI_NULL_DEFAULT OFF 
GO
ALTER DATABASE [PlanPaddyTest] SET ANSI_NULLS OFF 
GO
ALTER DATABASE [PlanPaddyTest] SET ANSI_PADDING OFF 
GO
ALTER DATABASE [PlanPaddyTest] SET ANSI_WARNINGS OFF 
GO
ALTER DATABASE [PlanPaddyTest] SET ARITHABORT OFF 
GO
ALTER DATABASE [PlanPaddyTest] SET AUTO_SHRINK OFF 
GO
ALTER DATABASE [PlanPaddyTest] SET AUTO_UPDATE_STATISTICS ON 
GO
ALTER DATABASE [PlanPaddyTest] SET CURSOR_CLOSE_ON_COMMIT OFF 
GO
ALTER DATABASE [PlanPaddyTest] SET CONCAT_NULL_YIELDS_NULL OFF 
GO
ALTER DATABASE [PlanPaddyTest] SET NUMERIC_ROUNDABORT OFF 
GO
ALTER DATABASE [PlanPaddyTest] SET QUOTED_IDENTIFIER OFF 
GO
ALTER DATABASE [PlanPaddyTest] SET RECURSIVE_TRIGGERS OFF 
GO
ALTER DATABASE [PlanPaddyTest] SET AUTO_UPDATE_STATISTICS_ASYNC OFF 
GO
ALTER DATABASE [PlanPaddyTest] SET DATE_CORRELATION_OPTIMIZATION OFF 
GO
ALTER DATABASE [PlanPaddyTest] SET TRUSTWORTHY OFF 
GO
ALTER DATABASE [PlanPaddyTest] SET ALLOW_SNAPSHOT_ISOLATION ON 
GO
ALTER DATABASE [PlanPaddyTest] SET PARAMETERIZATION SIMPLE 
GO
ALTER DATABASE [PlanPaddyTest] SET READ_COMMITTED_SNAPSHOT ON 
GO
ALTER DATABASE [PlanPaddyTest] SET HONOR_BROKER_PRIORITY OFF 
GO
ALTER DATABASE [PlanPaddyTest] SET  MULTI_USER 
GO
ALTER DATABASE [PlanPaddyTest] SET DB_CHAINING OFF 
GO
ALTER DATABASE [PlanPaddyTest] SET ENCRYPTION ON
GO
ALTER DATABASE [PlanPaddyTest] SET QUERY_STORE = ON
GO
ALTER DATABASE [PlanPaddyTest] SET QUERY_STORE (OPERATION_MODE = READ_WRITE, CLEANUP_POLICY = (STALE_QUERY_THRESHOLD_DAYS = 30), DATA_FLUSH_INTERVAL_SECONDS = 900, INTERVAL_LENGTH_MINUTES = 60, MAX_STORAGE_SIZE_MB = 100, QUERY_CAPTURE_MODE = AUTO, SIZE_BASED_CLEANUP_MODE = AUTO)
GO
USE [PlanPaddyTest]
GO
ALTER DATABASE SCOPED CONFIGURATION SET MAXDOP = 8;
GO
USE [PlanPaddyTest]
GO
/****** Object:  Table [dbo].[__MigrationHistory]    Script Date: 11/04/2021 13:53:04 ******/
SET ANSI_NULLS ON
GO
SET QUOTED_IDENTIFIER ON
GO
CREATE TABLE [dbo].[__MigrationHistory](
	[MigrationId] [nvarchar](150) NOT NULL,
	[ContextKey] [nvarchar](300) NOT NULL,
	[Model] [varbinary](max) NOT NULL,
	[ProductVersion] [nvarchar](32) NOT NULL,
 CONSTRAINT [PK_dbo.__MigrationHistory] PRIMARY KEY CLUSTERED 
(
	[MigrationId] ASC,
	[ContextKey] ASC
)WITH (PAD_INDEX = OFF, STATISTICS_NORECOMPUTE = OFF, IGNORE_DUP_KEY = OFF, ALLOW_ROW_LOCKS = ON, ALLOW_PAGE_LOCKS = ON) ON [PRIMARY]
) ON [PRIMARY] TEXTIMAGE_ON [PRIMARY]
GO
/****** Object:  Table [dbo].[Categories]    Script Date: 11/04/2021 13:53:05 ******/
SET ANSI_NULLS ON
GO
SET QUOTED_IDENTIFIER ON
GO
CREATE TABLE [dbo].[Categories](
	[CategoryId] [uniqueidentifier] NOT NULL,
	[Name] [nvarchar](max) NULL,
	[Description] [nvarchar](max) NULL,
	[IsActive] [bit] NOT NULL,
	[AddedDate] [datetime] NOT NULL,
	[ModifiedDate] [datetime] NOT NULL,
 CONSTRAINT [PK_dbo.Categories] PRIMARY KEY CLUSTERED 
(
	[CategoryId] ASC
)WITH (PAD_INDEX = OFF, STATISTICS_NORECOMPUTE = OFF, IGNORE_DUP_KEY = OFF, ALLOW_ROW_LOCKS = ON, ALLOW_PAGE_LOCKS = ON) ON [PRIMARY]
) ON [PRIMARY] TEXTIMAGE_ON [PRIMARY]
GO
/****** Object:  Table [dbo].[Hosts]    Script Date: 11/04/2021 13:53:05 ******/
SET ANSI_NULLS ON
GO
SET QUOTED_IDENTIFIER ON
GO
CREATE TABLE [dbo].[Hosts](
	[HostId] [uniqueidentifier] NOT NULL,
	[Name] [nvarchar](max) NULL,
	[FirstName] [nvarchar](max) NULL,
	[LastName] [nvarchar](max) NULL,
	[About] [nvarchar](max) NULL,
	[Picture] [nvarchar](max) NULL,
	[EmailAddress] [nvarchar](max) NULL,
	[MobileNo] [nvarchar](max) NULL,
	[IsActive] [bit] NOT NULL,
	[RefCode] [nvarchar](max) NULL,
	[Username] [nvarchar](max) NULL,
	[Password] [nvarchar](max) NULL,
	[OTP] [nvarchar](max) NULL,
	[Instagram] [nvarchar](max) NULL,
	[Facebook] [nvarchar](max) NULL,
	[Twitter] [nvarchar](max) NULL,
	[OfficeAddress] [nvarchar](max) NULL,
	[Verified] [nvarchar](max) NULL,
	[AccountIsConfirmed] [bit] NOT NULL,
	[IsTempPassword] [bit] NOT NULL,
	[AddedDate] [datetime] NOT NULL,
	[ModifiedDate] [datetime] NOT NULL,
 CONSTRAINT [PK_dbo.Hosts] PRIMARY KEY CLUSTERED 
(
	[HostId] ASC
)WITH (PAD_INDEX = OFF, STATISTICS_NORECOMPUTE = OFF, IGNORE_DUP_KEY = OFF, ALLOW_ROW_LOCKS = ON, ALLOW_PAGE_LOCKS = ON) ON [PRIMARY]
) ON [PRIMARY] TEXTIMAGE_ON [PRIMARY]
GO
/****** Object:  Table [dbo].[ItemCategories]    Script Date: 11/04/2021 13:53:06 ******/
SET ANSI_NULLS ON
GO
SET QUOTED_IDENTIFIER ON
GO
CREATE TABLE [dbo].[ItemCategories](
	[ItemCategoryId] [uniqueidentifier] NOT NULL,
	[ItemId] [uniqueidentifier] NOT NULL,
	[CategoryId] [uniqueidentifier] NOT NULL,
	[IsActive] [bit] NOT NULL,
	[AddedDate] [datetime] NOT NULL,
	[ModifiedDate] [datetime] NOT NULL,
 CONSTRAINT [PK_dbo.ItemCategories] PRIMARY KEY CLUSTERED 
(
	[ItemCategoryId] ASC
)WITH (PAD_INDEX = OFF, STATISTICS_NORECOMPUTE = OFF, IGNORE_DUP_KEY = OFF, ALLOW_ROW_LOCKS = ON, ALLOW_PAGE_LOCKS = ON) ON [PRIMARY]
) ON [PRIMARY]
GO
/****** Object:  Table [dbo].[ItemConfigurations]    Script Date: 11/04/2021 13:53:06 ******/
SET ANSI_NULLS ON
GO
SET QUOTED_IDENTIFIER ON
GO
CREATE TABLE [dbo].[ItemConfigurations](
	[ItemConfigurationId] [uniqueidentifier] NOT NULL,
	[CategoryId] [uniqueidentifier] NOT NULL,
	[ItemId] [uniqueidentifier] NOT NULL,
	[ItemPercentage] [float] NOT NULL,
	[IsActive] [bit] NOT NULL,
	[AddedDate] [datetime] NOT NULL,
	[ModifiedDate] [datetime] NOT NULL,
 CONSTRAINT [PK_dbo.ItemConfigurations] PRIMARY KEY CLUSTERED 
(
	[ItemConfigurationId] ASC
)WITH (PAD_INDEX = OFF, STATISTICS_NORECOMPUTE = OFF, IGNORE_DUP_KEY = OFF, ALLOW_ROW_LOCKS = ON, ALLOW_PAGE_LOCKS = ON) ON [PRIMARY]
) ON [PRIMARY]
GO
/****** Object:  Table [dbo].[Items]    Script Date: 11/04/2021 13:53:07 ******/
SET ANSI_NULLS ON
GO
SET QUOTED_IDENTIFIER ON
GO
CREATE TABLE [dbo].[Items](
	[ItemId] [uniqueidentifier] NOT NULL,
	[Name] [nvarchar](max) NULL,
	[Description] [nvarchar](max) NULL,
	[Type] [int] NOT NULL,
	[IsActive] [bit] NOT NULL,
	[AddedDate] [datetime] NOT NULL,
	[ModifiedDate] [datetime] NOT NULL,
 CONSTRAINT [PK_dbo.Items] PRIMARY KEY CLUSTERED 
(
	[ItemId] ASC
)WITH (PAD_INDEX = OFF, STATISTICS_NORECOMPUTE = OFF, IGNORE_DUP_KEY = OFF, ALLOW_ROW_LOCKS = ON, ALLOW_PAGE_LOCKS = ON) ON [PRIMARY]
) ON [PRIMARY] TEXTIMAGE_ON [PRIMARY]
GO
/****** Object:  Table [dbo].[PriceRanges]    Script Date: 11/04/2021 13:53:08 ******/
SET ANSI_NULLS ON
GO
SET QUOTED_IDENTIFIER ON
GO
CREATE TABLE [dbo].[PriceRanges](
	[PriceRangeId] [uniqueidentifier] NOT NULL,
	[LowerLimit] [float] NOT NULL,
	[UpperLimit] [float] NOT NULL,
	[IsActive] [bit] NOT NULL,
	[AddedDate] [datetime] NOT NULL,
	[ModifiedDate] [datetime] NOT NULL,
 CONSTRAINT [PK_dbo.PriceRanges] PRIMARY KEY CLUSTERED 
(
	[PriceRangeId] ASC
)WITH (PAD_INDEX = OFF, STATISTICS_NORECOMPUTE = OFF, IGNORE_DUP_KEY = OFF, ALLOW_ROW_LOCKS = ON, ALLOW_PAGE_LOCKS = ON) ON [PRIMARY]
) ON [PRIMARY]
GO
/****** Object:  Table [dbo].[Quotes]    Script Date: 11/04/2021 13:53:09 ******/
SET ANSI_NULLS ON
GO
SET QUOTED_IDENTIFIER ON
GO
CREATE TABLE [dbo].[Quotes](
	[QuoteId] [uniqueidentifier] NOT NULL,
	[QuoteJsonString] [nvarchar](max) NULL,
	[AddedDate] [datetime] NOT NULL,
	[ModifiedDate] [datetime] NOT NULL,
 CONSTRAINT [PK_dbo.Quotes] PRIMARY KEY CLUSTERED 
(
	[QuoteId] ASC
)WITH (PAD_INDEX = OFF, STATISTICS_NORECOMPUTE = OFF, IGNORE_DUP_KEY = OFF, ALLOW_ROW_LOCKS = ON, ALLOW_PAGE_LOCKS = ON) ON [PRIMARY]
) ON [PRIMARY] TEXTIMAGE_ON [PRIMARY]
GO
/****** Object:  Table [dbo].[VendorItems]    Script Date: 11/04/2021 13:53:09 ******/
SET ANSI_NULLS ON
GO
SET QUOTED_IDENTIFIER ON
GO
CREATE TABLE [dbo].[VendorItems](
	[VendorItemId] [uniqueidentifier] NOT NULL,
	[ItemId] [uniqueidentifier] NOT NULL,
	[VendorId] [uniqueidentifier] NOT NULL,
	[CategoryId] [uniqueidentifier] NOT NULL,
	[LowerLimit] [float] NOT NULL,
	[Quantity] [int] NULL,
	[UpperLimit] [float] NOT NULL,
	[IsActive] [bit] NOT NULL,
	[AddedDate] [datetime] NOT NULL,
	[ModifiedDate] [datetime] NOT NULL,
	[Description] [nvarchar](max) NULL,
 CONSTRAINT [PK_dbo.VendorItems] PRIMARY KEY CLUSTERED 
(
	[VendorItemId] ASC
)WITH (PAD_INDEX = OFF, STATISTICS_NORECOMPUTE = OFF, IGNORE_DUP_KEY = OFF, ALLOW_ROW_LOCKS = ON, ALLOW_PAGE_LOCKS = ON) ON [PRIMARY]
) ON [PRIMARY] TEXTIMAGE_ON [PRIMARY]
GO
/****** Object:  Table [dbo].[Vendors]    Script Date: 11/04/2021 13:53:10 ******/
SET ANSI_NULLS ON
GO
SET QUOTED_IDENTIFIER ON
GO
CREATE TABLE [dbo].[Vendors](
	[VendorId] [uniqueidentifier] NOT NULL,
	[Name] [nvarchar](max) NULL,
	[Description] [nvarchar](max) NULL,
	[Picture] [nvarchar](max) NULL,
	[EmailAddress] [nvarchar](max) NULL,
	[MobileNo] [nvarchar](max) NULL,
	[IsActive] [bit] NOT NULL,
	[AddedDate] [datetime] NOT NULL,
	[ModifiedDate] [datetime] NOT NULL,
	[FirstName] [nvarchar](max) NULL,
	[LastName] [nvarchar](max) NULL,
	[RefCode] [nvarchar](max) NULL,
	[Username] [nvarchar](max) NULL,
	[Password] [nvarchar](max) NULL,
	[OTP] [nvarchar](max) NULL,
	[SubscriptionPlan] [nvarchar](max) NULL,
	[ExpiryDate] [datetime] NOT NULL,
	[Instagram] [nvarchar](max) NULL,
	[Facebook] [nvarchar](max) NULL,
	[Twitter] [nvarchar](max) NULL,
	[OfficeAddress] [nvarchar](max) NULL,
	[Verified] [nvarchar](max) NULL,
	[AccountIsConfirmed] [bit] NOT NULL,
	[IsTempPassword] [bit] NOT NULL,
 CONSTRAINT [PK_dbo.Vendors] PRIMARY KEY CLUSTERED 
(
	[VendorId] ASC
)WITH (PAD_INDEX = OFF, STATISTICS_NORECOMPUTE = OFF, IGNORE_DUP_KEY = OFF, ALLOW_ROW_LOCKS = ON, ALLOW_PAGE_LOCKS = ON) ON [PRIMARY]
) ON [PRIMARY] TEXTIMAGE_ON [PRIMARY]
GO
INSERT [dbo].[__MigrationHistory] ([MigrationId], [ContextKey], [Model], [ProductVersion]) VALUES (N'201804221507079_FirstTableCreation', N'PlanPaddy.Repository.Migrations.Configuration', 0x1F8B0800000000000400ED5DDD6EE3B815BE2FD0771074D516B37692B9E906F62EB24EB2083AF9699C0C7A376024DA212A515E894A63147DB2BDE823F5154A5A96C41F91A67E6CCB196381452C911F0F0F3F1E52873C67FEF7FB7F473FBF8781F306E3044578EC9E0E4E5C07622FF2119E8FDD94CC7EF8ABFBF34F7FFCC3E8CA0FDF9DAF79B9CFAC1CAD8993B1FB4AC8E27C384CBC5718826410222F8E926846065E140E811F0DCF4E4E7E1C9E9E0E2185702996E38C1E534C5008573FE8CF49843DB82029086E231F06C9FA397D335DA13A772084C9027870EC3E04003F00DF5F0E1EE1224A1089E2A5EB5C04085059A63098B90EC03822805049CF9F1338257184E7D3057D0082A7E502D27233102470DD83F3B2B86D674ECE58678665C51CCA4B13128535014F3FAFB53394AB37D2B15B688FEAEF8AEA992C59AF573A1CBB1340E07CA532B9B1F34910B382BC8A27510C072B0C0493C10D81E12007F8E488C53E15ECA02462FF7D72266940D2188E314C490C025A237D0990F737B87C8AFE09F118A741C04B4BE5A5EF8407F4D1431C2D604C968F7026F5E1C6779DA1587F280314D52BEA66BDFD3545F4EF3B2A0B780960C18DA11186FD3F07A004A3B3C5756EC1FB1788E7E475ECD23F5DE71ABD433F7FB2467DC6884E2E5A89C4E9C6462E61E2C568913161CB6DDD24171E416F45A77E89A200025C5B3117BE0FFD4BAAE41C88FDFD8498B66A2251538066A811D86858F2DE381B18A35BCF081E648FB38217A3C9CC90EBB7981D0CAA254457927C245A53B03BF086E62B726AF4E53A8F305815485ED1225B1105867E2B4B5EC751F81805D2D81705BE4DA334F6989091A9D41388E790D84BCA50364B9995D248C87E98A55B95A892AC9669686512F66C0A9A9A80E3C228B6C5E08B46729A660FBF675B546F898DF00CCDD378BDA96DB3CEF248FB5E6C79591AAFB832480FD6CCF65680413C406A9E3101F3925A1155FE773E6FDAADE13C59F40B7965A9EAF5B2BA68B74BBAD046E5BAAE94B010B6FD0AFF10230F3E02CC08DAD02495107BB445A5104D8C9058BBC59CFF12FD0BC65F508848CBF9FEBC587403F4A10C8735ADBF42EC4771ABED6B09B1475A974234A1B5587BBFABE15A965E2CEE9DCDD2BFA760C5BC1CE60693CF67C7A9BDD33D4149F2CACD40C56B6561AD2AD3D9F2CF81CBEBBEF4CA249776A537C994D5DF24555EAA52AEEC4F9364EB12AD7621B908AD4CF5FECD7473137DF43788FB31E4B171DA7A3B57214001357F314C92AD37761BBDA000DE45C7638C6EB67C692879583287D44D721D807979BE696D532651184678C08093C2C1D59551A123E8C33858D211E7B70AA2D66E61F802E3758FA6307E43CCE67E05414A7F9F284A168A538DFBA9478AE2A7AA1A3385F10F2F9224F2D04A2D150720E57A2AB67B857DC7CA652EFA0BCBD5F9966A0C2DA88EE8B88EDDBF281DDBD440BED6700DE8C04F5DD97ADFE34B1840021D3649D8E9F404241EF0550E538DF9E2136AF0610C313B43A7DFE1091D6D8489BA3A20ECA105086CBA2055AE79D2CB842C9A93DF5CC2055D5BA8B43663D55E8EA23949899B74361A7224ACC1CDD55ECA8A36E2D6AA634E0AFB3209BCE75CE445B719FFEAAFD0E61CE4C7A55DFBBBE25EB5E7D1C8930D6E48898DE211414D4A9ADD9887632B8DFDD8B5C1348EDFE1584DD5FD6C4F25A3FDEC8EB1076849B5F2EFD29C6AC7AAF736B5CA73A3E38BD18D539285F7FBDA93D1E4FF3908BB69E8C00E0DA6618C0EC252CA9E3A0BBAE86C636B1E1E9635D408BE2333A8198F43B27F6B07A8053164876C879C933CB90A74AF79270A6F33F63AA76D53EE8923D35682CEF997B9D1681D426B946EA3DCBB750908602FE13BA9F0993D2770ED364BD63E48994F0C7C0A8968CB114C5CA7F4DF29EBA8C24A1185FB5CAC46123FE12DD0742076A2F05B2DAD38E28E78036C79F1A00A8FBF9CB101A8E46115106F1AAC80F4200A0047B7CA91E32FDB72658DB772E5D960EB712C3AA372479961B64E460E538F27CC3A5AB6AE8AB2A1D9A01E755362E9F4EA402DC27E44C2EB4C1B9A9B5D1AB5587863EAFA63644549137E93B2CC1E98AD12A9E27E998DDA6C28A5770674A9AE6D13ACF29A80AAA28DDFA4D65FA55C1F04E36CD08AE93B745BEC51AE271875B2812FBA2FA376BAD82135F235CEA884AACDBAE576BD9D22A40DBA02564719F9B96AB1212CDE8D8659C0E9FAC168A8894C1DDD82C502E13917A9BA7EE24CB330D5C90FD3FAD19B618631F4928A20CE42DAA22512C5600EA5B7B4692AE9358A13C2F6B52F801D044FFC502956B9FDD56C90F226951DAE3A76F9CE29AFC2FE96F6DB5CE4EE4067694A8D5ED34E86ECAB83F517AAB6A0A2AAC30287410062C31DBA4914A421DEEC7ED1A365574F789CEC893D8270AF8407125ED8E395B71F78B0F2A93D1277FF8187E21EDB638937207838F18D8A381A4A1C503E1515BE29DFDA2283ADF82D6D145B735CF854ABCF7373752D17B85A32DFE5773518B6761AC968F550BA9D8747D677C6FA8EC8DE90E4F5C8DD9E86FD33E0D9352E1E287B729C0CFB5802C46FBA6E9601C145D6702D306318170439DA505915CC318D26FC8E8D7A27339CD5E0E3106534FEDD718EED788EF10EE0D6938BF317D79F55A6CA3A758B7173BCBA4DF17826443E3487C7E39FDBA3F1A1363C1AFFFC48F91D539E777CB4A63C77B2519FF2A6CA3A758B3175BCBA4DB17A465A7562E5CBB3C40A99F6B886753BA1CB803B1EAB7C7A340D1FC0347466161A9B84DAE6A08369D7BF0FB1220A4B58D8F387F6386294150F26BEA943EC3C944A2475FEF43871B73271953303B948D17A7176209D118CD6FEFACD292E15077E56C475A8AADE90CF9CF7D3654297C9012B3098FE164C0244FB5B16B80518CD6042B2282CF7ECE4F44CCA91D99F7C95C324F1838AF38EAAA495E278ED2159648AD16F2944EC7212E362DC2A5E15BF81D87B05F19F42F0FE671EA9614C6A2B3C3972F285ED02DA464DFAF46FD255D4A42558B3E48F0D9865F6A2374DB8D89A61F9FE5907A75C70BBC13E7C1FBBFF5ED53F776EFEF12D83F8E4DCC7D4969C3B27CE7F3A4857D1489212A69534DF27B9F7973AF0E39A493E1D20C2F559F47D32D1E0B2EE47BEBDD684ED99BDEBC51A207BD833696641048EF3A6567ABA0613A6FBA470ADA7889A7AAA1915D42452474AD54E0DD78052DD2764FB207B5D399151233972900FB4EBEE6AC2CBA9E6A47D97CDB6ED6833DAD98CFD6606FBB89F1352B6AF56585519BD5A01CA59BB8EFE25D3CC699B50AA0CCDD875DC7D75DC538B84418D025A0D3764779218EA3002F53744C54963B9DBF8F97EF048732162EB499DFA1F746F1B3AD847A3248616B74BC57358E669C38DD1BEDAA87A6997F66AA8F6CEAD9D9BACDA9CDAABDDAA932CA90F068B4F39D03049C9C19828E325C41EDA26DB4447FB344AFBE2CF2ECD504DDEF4C5FE58252BDA75FEA0FD33477BE770EBA9870E25D9901A942D8F616516A1A5318750762F6CECFA2FCC4793792C0C1912E436C48F31A51DF175555B52A0AC4D7BDA24443A7CCB6E88BBB4EABE8865B41D32A6F230A431DA90C5A8AA3D2107D28686F849AC34C4BFAC6AC8907141D390210B92BE01157CB7299264368B7902D4D9AFF358E8A2AF155BDC8FD4478AC0FDE9EA76F31AB51CEF2AA3A109B3DC863A8CC35F375751030EECB4FB5B4942D47CFC556B2A874575DA65DD50DBE717AA3FC63BEE6297F9832A04DE59576B6407526FF4D37D638AD92152F6EB1226685E428C2826869EB0632CCADCE059946F5D2589F222F2211624C0A7DBC98B98A019F0087DEDC12459FDCB3AEB7F0AE52A7C81FE0DBE4FC92225B4CB307C098489C136C0A6F6572990449947F7ABF3CFA48B2E5031113B77BBC7BFA428F00BB9AF2BCEDD34106C67FD2BA4CFB3B1A41B753AFD9705D25D842D81D6EA2B3E089E60B8082858728FA7801D5CD697ED39815FE01C78CB3C30430FB2792044B58F2E1198C7204CD618657DFA9372D80FDF7FFA3F3183E482E1850000, N'6.2.0-61023')
GO
INSERT [dbo].[__MigrationHistory] ([MigrationId], [ContextKey], [Model], [ProductVersion]) VALUES (N'202104041727193_AutomaticMigration', N'PlanPaddy.Repository.Migrations.Configuration', 0x1F8B0800000000000400ED5D5B6FE3B8157E2FD0FF20F8A92D66ED64F6A50D9C5D649DC936ED64928D3383BE0D6889F608AB8B57974CDCA2BFAC0FFD49FD0B2575E555A244599233C2008398223F1E1D7E3CBC1D1DFEEF3FFF5DFEF8E23AC6330C42DBF72E67E7F3B399013DD3B76C6F77398BA3ED777F9EFDF8C3EF7FB77C67B92FC6A73CDFF7381F2AE98597B32F51B4BF582C42F30B744138776D33F0437F1BCD4DDF5D00CB5FBC3D3BFBCBE2FC7C0111C40C6119C6F231F622DB85C90FF473E57B26DC473170EE7C0B3A61968E9EAC1354E3037061B80726BC9C3D38C07B009675983FC2BD1FDA911F1C66C695630324CB1A3ADB99013CCF8F408424BDF818C27514F8DE6EBD4709C0793AEC21CAB7054E08B337B828B3ABBECCD95BFC328BB2600E65C661E4BB0D01CFBFCFB4B3608BB7D2F1ACD01ED2DF3BA4E7E880DF3AD1E1E56C0522B84B54C65676B172029C9154F1CA0FE03CC1B06138BF8DA03BCF01DE1874B637053B1089F0BF37C62A76A23880971E8CA30038A844BC716CF3EFF0F0E4FF0ABD4B2F761C525A242F7A4625A0A487C0DFC3203A3CC22DF30EB7D6CC58D0E5172C40515C50367DDB9F631BFDFD01C902360E2CB8B1A884C1FFE7008860A8B7CC8C3BF0F21E7ABBE8CBE50CFD39336EEC1768E52919EA47CF469D0B158A82B8B6926B189A81BD4F9970E4BA6EC32B33B29F8B97FAC9F71D08BCC68AB9B22C685D2325E740F8EF271B6BAB21123205F6D66E05B65C94BCAFEC0D7FF5C3A84D4FC0E592FF06EC05B8FA363D202F3776F6DFD84118F552D37BD05345571B3F8E8E5ECB836D62C21DBD9E772EB01DD4DF03188647AFECCEDFD80EFCE09F8C21441D75852A3DBABC688613787D90F70184E1573FB08E5ED1FDD3C3F15BD90B23B00B807B7C338666AD1BDFFFF5E8153D7DB5A30806C76F9EEDD636615FFD1E0DA7C92CE0F8B6D9347DB42AB90DD162646B076E59655B0B701B3E4177CF769B6F636285970ADA4B0D1264C0891629469B09175B5E63E285A13421BA92E435AD1710D807F06CEF12724AF435331EA1936408BFD8FB74AB8162E8E732E74DE0BB8FBEC3B47D91E1F3DA8F03130BE957E57A02C10E46EA9262947A29D35C1209F18F6AE9921C22C91A99062D9330B029686B024E61CDD5E78E03862F2AC9699A267ECBB6A8D9108BE72ABB38C8760B75C6591269E8C19694A5F588CB828C60CCD4B70218E20122F3ECA1E54B492D1F29FF1BEF377A63384916F9402ECC251E2FC559BB1DD2A93A84E33A97434158FD11FE21400BC447E06182B6344925C480B6A814A28D11A24B6BF4F9F7FE5718BCB75D3BD2ECEF1FF7FB6E805E95E150A6F52FB11FB56774527A403227F5B7E171515083C209C6DF42DFCB6793C7DECC3929627D829EE5075AEBA21262408A9542B4E1195D7AD8695626CB28668D9D99FF5F6290302F87B9F5A2EFDFF636664C87D97D4F6CCB0E259CD10A1E73B343519ECEE6B004383B79651E55C9259DAE56C99496AF932ACF25942BFDB34AB22C87D6543A17416B58187E48683F1C9CC0A6D92B7454E8D3584FEE0A6318EA26778531BB2BACE34DD121B12D3F7E6779D9DBC1A193A9CFE46A31B95A4CAE161DEE1EC42E730A941E9ADD86370ED895CEEDCA53C695EFBABE37C7C0617108D7D59C1131C3828173404C22579DB4D6EEA0BB81416EEB60F06CE329F527E0C4E8F719A7642A3BD2B8159B5191FD9C5763AA3032F12A0C7DD34ED42270D228974B74BDEF3CCB503AD6A7CF34CBC5D71DD298BD473A42ED7A39FB13F7627515E44B09A20219F8392D3B02BFF7AEA1032368E00903FE3461054213583C8791C62C3A054D0E60003DFC0105EAB2216A6DDB8BF8C9BFED99F61E382AAFC01416AE1DE43E3758C8A23AF6C935DCA3A5039256A5ADF4E528AA639458A7B3E5822061036E264B6525DAD02BE78E39492DBB19F0917391145DA5FDC51B9AED3948B68B5EFD7D714F7C3A5AC9939AA352868DB41B43434A561FB59E8EADAC7C8FBE0D6665FB9D8ED5E48FC8D5A954693FBB63EC095A52A9FC7D9A53695B8DDEA68A36E6657CA9DCA52FC9421E21AA93B16A7BFF24EC66C50BF468302BDAE8242C257B10A34017996DD4E6E169594389E03D9941497B9C92FDCBCEB71488C19EB775C839E6A08E831E35EF68E155DA5E7626D7967B74CBE84AD039FFD26D3454264225CA6DA37C77EB1A44003F842FA22FC13F8630DB360BB3BD4D964F187C0D23DA96DB309C19E5FE1D378E72ACA451F027DA2280F473F59AC2C45A532C06BDFE57409381A88942CED3A4E2D0D3E91AD8D2B35284477A9FD600256E69228CCCD5AFA678D9074418A45952029283700004D5850D4F7E8C44E4ADFC6A89ED89AABB9DC5CBF0D4E37AB7EA06278129C7A37A3CCADB544569D3D4A8879F10296EB875A0166A2EC4E075A60D89E7BB442D0A3B414DF782584531F6A24E59D5BB3F472592C0FF5E456D2A94926F4474A9AE63134CE881C6ABA8763DACBC2226DE8132CE155AA95A031F8B3D9CE75BA54E6AF8225B95E9E9A2476AE4635CA512440B05C5A5829E2298C50107D64419F9996E31192D9E2D1769A4B32C61B99084445BDE81FDDEF6764488B42CC558A7F1D156DFAD9B870D73538C85190AA28715D21635457E007690798AAA469226CE70784EBD01F8107A65B95C36E1D45B3241CAABE466D77CDBE533A7BC08FE9B99EB1321E3E6324B536AF406BDA48B573CF87D216F0B04450D1CB10E3820A870055FF94EEC7AF55B3F72B4D40590C44953D41128FF3E12887AA08E577AA1916065AA3A12E17B414211C9EA58B4F70509473FE111970B8603DC3295E31BB7CEA719ACC4EF74DDA74DED6499D89CD6E26232E5E661C448B58A439255A1E85399F0BE2561886475ACD2BF96842A531BD0388DF44551384D52C7281C63499422511D87767C25C1E8274D3A56EEDD4A77AA3C7508C35138B0924045A23A4EE9A04A0295A90DDAAF7047A31AB04855474A5C4C499024A181964B174C4ACD657283FE56385952DDAD4855472ABC2849A022B18176682F494A4FF42375CCD21792842B531B580281B323651604CF9BF41FDAF191EE45F4B36910561A8499DD1AEDD198DA6E6D3E2A571797F28228C58ED2ECB3066CCB4E8D58B46628DD4E86A7A96767ACEF88EC2D49DE8CDCFA341CDF2A2AF5E3A646C32465EA0C430C01F4C66A37C30075CCD5722CA8C6A81C10D89048DCA8501D78A90ABF63A3DE490FC725C860492C1AF96CEA633DF731F21057BB731167BECD7B555561E9DA8E0AEE43ADEF2A8206552192611EA8DD0722BDC12A9608DB40AD6389F489F23D533E7337D0667BEA9DD09CE8927232FD16817F48D54AC208D5E290C17F383CF2E1C425252E912759DA84225C559AB3AAAAB07C7B858CF5436FB1C863085521763363281DD304320D381FEA7670280301D13D314F1D6A98994EA5466C6A3A3333AD4D4C63F3D24137D6DF2418E7F954D75D6D3AAB9ACEAAD232BA67557CA813128C7FDA805B444C138A5944FA74A69635DA74A6369DA9359D4270EE6D6C96A2F62CA5F85DB8B765AE65F5D78072BE666996998154F56C5BD8CF6C7D08D102608E33CCD7BF392BC746EF5B66B8039EBD856194062B99BD3D3B7F3BBFFA67325E51B7898EE766CF45185A8EC0418F080723F99E74806B3563CFFE2D8636FE92073332D08ADDE73D83C0FC02823FB8E0E58F2452CB60765A786CC8B50D5EE5E88618B2D0DF5157218614C19A5D93D98251DD5C51391E2671911EB5D0D8688E5A60D4D5925A484C3C462D2C51CC452D4036AEE2E01D99899BA8250F1B1B51AF199960685A60448C433D8DB3B100F5BA2313EF4F0B8C89E9A7A72E51DC3E2D4436369F9EAD90C6DF6BD303C4B1F75EFFA02877CC1AF25A41EDC132DF3497C1719F48DF7A167CB99CFD2B297F61DCFEE3730AF1C6B80FD034FBC23833FEDD41ECFC569294305AD27C7B333E411C901E2FC81BCF8CAFEBB543EAD09502D95E1B63FB2D32B1C2E7691CB7CA69137664F66E146300EBA2954AB3757C30F59B4697B0B5E830DD5F7DA6DD45F87B70DA5181BFD166A2941AA504FE43FDDE3DA6CD21C93D647AABA9936A4399B7CE50377CBD92F50A7B5B4D2B39729057B472EACA68B37797317367A5DDB58EECFE749CD08D0D1AF63AA9F12C31477CA8D035D5A7A385E968E158470BB22B92F448C65D83D4DAB04E471FD3D147855C631EC0756FCB2963BFA5E2F417545C1C5851E3369456D17A2BBEFE6FE28563B4BD71E434A290D784DD64DAB2DFE0E0E3E091E4031DD55398E3F267D088E2AAB149C76894E8D0C72CA39ADD33725AE6A9E66BF8B1DAA86677CA0C6AA806E756EF26AB31A706B55B4D6E821983C122639A135234B981E1644C54E547B123B44DAAB7B80C699486E24F9F66A8216FC6627F946E62E9FB7294E19923FD66557D73FA98EC19C14D2A7CD467B60D8557A41C2A2F4849BFE6B99C591BBC1F9BEE5854846067EB482F4AE1F0D364117676E34A0D2CBDC6E3E0E9C7A26A98D8822AF549EF5E91E12BBE063DF913BF0B9D47FA4295571054DCDE5273798BA83EEAEA979A8AB24B5CB83AB274117C7E214C0D3269753878F2A1A88E8A18F4928A2AEE859157C083F77B690CDB4FE8C8E9BCB9926DB1B0E1CF240863B90C8613783CAF7ADC9B5E34DB5B648E2431EF8EA18ECAE66F7A7B4B0B0EF4FAFA47B996A57DFBF3D6948D2BD4E92BCB9A5AFDC695E66DDCF32B7679A38A40E0DE5EB5C17D29FC87E368A21B7BF8D42BFD750D437B57422C11A6074D6A8A5BE4B9F5B67E3ED76624CAB3B0A76E3002169AFF5E0591BD0566841E9B300C131FC34FC089217658D840EBD6BB8FA37D1CA15786EEC6A13A069EB157D59F5C0A43CBBCBC4FCEBBC32E5E018969E383C27BEFA7D876AC42EE1BC141A104022F057E86283D6D4BB4B240DDFF50207DF03D45A04C7DC50A061FB33A082CBCF7D6007B553497ED6308DFC31D300FF9F7FF7290FA86A0D5BEBCB69393FD30C328CBA39F88C396FBF2C3FF01AE0AA0A76CB50000, N'6.1.3-40302')
GO
INSERT [dbo].[Categories] ([CategoryId], [Name], [Description], [IsActive], [AddedDate], [ModifiedDate]) VALUES (N'2bffb492-aa8c-4de1-bb40-6ccf2bbb5b8a', N'Wedding', N'Wedding Party', 1, CAST(N'2021-04-04T00:00:00.000' AS DateTime), CAST(N'2021-04-04T00:00:00.000' AS DateTime))
GO
INSERT [dbo].[Categories] ([CategoryId], [Name], [Description], [IsActive], [AddedDate], [ModifiedDate]) VALUES (N'2bffb492-aa8c-4de1-bb40-6ccf2bbb5b8b', N'Birthday', N'Birthday Party', 1, CAST(N'2021-04-04T00:00:00.000' AS DateTime), CAST(N'2021-04-04T00:00:00.000' AS DateTime))
GO
INSERT [dbo].[ItemConfigurations] ([ItemConfigurationId], [CategoryId], [ItemId], [ItemPercentage], [IsActive], [AddedDate], [ModifiedDate]) VALUES (N'ebc14a84-364d-424f-96ac-101fd9daddb0', N'2bffb492-aa8c-4de1-bb40-6ccf2bbb5b8a', N'23a5b097-fb3a-485d-8dda-138e33fa6594', 1, 1, CAST(N'2021-04-04T00:00:00.000' AS DateTime), CAST(N'2021-04-04T00:00:00.000' AS DateTime))
GO
INSERT [dbo].[ItemConfigurations] ([ItemConfigurationId], [CategoryId], [ItemId], [ItemPercentage], [IsActive], [AddedDate], [ModifiedDate]) VALUES (N'804ea8df-5e62-4fd1-bc42-28972fd16863', N'2bffb492-aa8c-4de1-bb40-6ccf2bbb5b8a', N'9e64c69d-c8ce-4521-b82d-8a813220b79a', 18, 1, CAST(N'2021-04-04T00:00:00.000' AS DateTime), CAST(N'2021-04-04T00:00:00.000' AS DateTime))
GO
INSERT [dbo].[ItemConfigurations] ([ItemConfigurationId], [CategoryId], [ItemId], [ItemPercentage], [IsActive], [AddedDate], [ModifiedDate]) VALUES (N'fb889e3e-7f46-4873-8184-2aa99e838df6', N'2bffb492-aa8c-4de1-bb40-6ccf2bbb5b8a', N'5aae0246-8322-42e7-90d3-04776ba8d01f', 8, 1, CAST(N'2021-04-11T00:00:00.000' AS DateTime), CAST(N'2021-04-11T00:00:00.000' AS DateTime))
GO
INSERT [dbo].[ItemConfigurations] ([ItemConfigurationId], [CategoryId], [ItemId], [ItemPercentage], [IsActive], [AddedDate], [ModifiedDate]) VALUES (N'11fdad71-5a9a-4cce-9b7a-370b4be260ae', N'2bffb492-aa8c-4de1-bb40-6ccf2bbb5b8a', N'6a1dcdc3-59d7-4c94-90a7-1bfedddfff6e', 1, 1, CAST(N'2021-04-04T00:00:00.000' AS DateTime), CAST(N'2021-04-04T00:00:00.000' AS DateTime))
GO
INSERT [dbo].[ItemConfigurations] ([ItemConfigurationId], [CategoryId], [ItemId], [ItemPercentage], [IsActive], [AddedDate], [ModifiedDate]) VALUES (N'72f87a69-5aa7-47cf-86a6-55326132434b', N'2bffb492-aa8c-4de1-bb40-6ccf2bbb5b8a', N'd92cf6a5-74dd-4c13-89ff-11f6693572fe', 22, 1, CAST(N'2021-04-04T00:00:00.000' AS DateTime), CAST(N'2021-04-04T00:00:00.000' AS DateTime))
GO
INSERT [dbo].[ItemConfigurations] ([ItemConfigurationId], [CategoryId], [ItemId], [ItemPercentage], [IsActive], [AddedDate], [ModifiedDate]) VALUES (N'1fc682c4-b32b-42d4-83d1-5b28a979c683', N'2bffb492-aa8c-4de1-bb40-6ccf2bbb5b8a', N'c61b7e89-0162-4513-b6f2-72e7497faf06', 1, 1, CAST(N'2021-04-04T00:00:00.000' AS DateTime), CAST(N'2021-04-04T00:00:00.000' AS DateTime))
GO
INSERT [dbo].[ItemConfigurations] ([ItemConfigurationId], [CategoryId], [ItemId], [ItemPercentage], [IsActive], [AddedDate], [ModifiedDate]) VALUES (N'6787bc41-e3d7-43ba-a899-66663a2ea555', N'2bffb492-aa8c-4de1-bb40-6ccf2bbb5b8a', N'b598b334-2129-4bee-9e56-6b3d620d2d86', 2, 1, CAST(N'2021-04-04T00:00:00.000' AS DateTime), CAST(N'2021-04-04T00:00:00.000' AS DateTime))
GO
INSERT [dbo].[ItemConfigurations] ([ItemConfigurationId], [CategoryId], [ItemId], [ItemPercentage], [IsActive], [AddedDate], [ModifiedDate]) VALUES (N'a2563713-70be-487a-9899-725992fb7209', N'2bffb492-aa8c-4de1-bb40-6ccf2bbb5b8a', N'b81476d4-32e5-46dd-9750-b5f99c8d40bf', 6, 1, CAST(N'2021-04-04T00:00:00.000' AS DateTime), CAST(N'2021-04-04T00:00:00.000' AS DateTime))
GO
INSERT [dbo].[ItemConfigurations] ([ItemConfigurationId], [CategoryId], [ItemId], [ItemPercentage], [IsActive], [AddedDate], [ModifiedDate]) VALUES (N'2ab3ffbd-095c-43f7-b710-a378b0d04616', N'2bffb492-aa8c-4de1-bb40-6ccf2bbb5b8a', N'd6ae90e4-a82d-46ee-8d2c-9429a729e23c', 10, 1, CAST(N'2021-04-04T00:00:00.000' AS DateTime), CAST(N'2021-04-04T00:00:00.000' AS DateTime))
GO
INSERT [dbo].[ItemConfigurations] ([ItemConfigurationId], [CategoryId], [ItemId], [ItemPercentage], [IsActive], [AddedDate], [ModifiedDate]) VALUES (N'7a535896-62c2-43d3-ad65-a986baa13cb7', N'2bffb492-aa8c-4de1-bb40-6ccf2bbb5b8a', N'8466e205-43b6-440e-9f2c-07336828c9ed', 2, 1, CAST(N'2021-04-11T00:00:00.000' AS DateTime), CAST(N'2021-04-11T00:00:00.000' AS DateTime))
GO
INSERT [dbo].[ItemConfigurations] ([ItemConfigurationId], [CategoryId], [ItemId], [ItemPercentage], [IsActive], [AddedDate], [ModifiedDate]) VALUES (N'ab3b2ad8-35ae-4d6b-8de0-bdd626979397', N'2bffb492-aa8c-4de1-bb40-6ccf2bbb5b8a', N'0c88307d-8251-4ae1-bcc6-c46330744ba0', 5, 1, CAST(N'2021-04-04T00:00:00.000' AS DateTime), CAST(N'2021-04-04T00:00:00.000' AS DateTime))
GO
INSERT [dbo].[ItemConfigurations] ([ItemConfigurationId], [CategoryId], [ItemId], [ItemPercentage], [IsActive], [AddedDate], [ModifiedDate]) VALUES (N'ff7c4644-d29d-4ffd-b947-cad71bcc19a8', N'2bffb492-aa8c-4de1-bb40-6ccf2bbb5b8a', N'e0d335ae-99a0-418d-862c-59cabfc0e5d7', 3, 1, CAST(N'2021-04-04T00:00:00.000' AS DateTime), CAST(N'2021-04-04T00:00:00.000' AS DateTime))
GO
INSERT [dbo].[ItemConfigurations] ([ItemConfigurationId], [CategoryId], [ItemId], [ItemPercentage], [IsActive], [AddedDate], [ModifiedDate]) VALUES (N'9640a9be-27c7-45c5-acbd-deddc59c26b5', N'2bffb492-aa8c-4de1-bb40-6ccf2bbb5b8a', N'591a9a8c-12db-4cc6-8cfb-d936cb67474b', 1, 1, CAST(N'2021-04-04T00:00:00.000' AS DateTime), CAST(N'2021-04-04T00:00:00.000' AS DateTime))
GO
INSERT [dbo].[ItemConfigurations] ([ItemConfigurationId], [CategoryId], [ItemId], [ItemPercentage], [IsActive], [AddedDate], [ModifiedDate]) VALUES (N'cafe0a6e-d18e-4c90-bda3-e3849a2233a6', N'2bffb492-aa8c-4de1-bb40-6ccf2bbb5b8a', N'3cdda293-0f4f-4015-8598-a1d1ace4002c', 3, 1, CAST(N'2021-04-04T00:00:00.000' AS DateTime), CAST(N'2021-04-04T00:00:00.000' AS DateTime))
GO
INSERT [dbo].[ItemConfigurations] ([ItemConfigurationId], [CategoryId], [ItemId], [ItemPercentage], [IsActive], [AddedDate], [ModifiedDate]) VALUES (N'b0e1b2f8-ac6e-4439-a859-e621c59e2088', N'2bffb492-aa8c-4de1-bb40-6ccf2bbb5b8a', N'd44b9e78-f667-4bcf-a4f4-a7590da7b957', 12, 1, CAST(N'2021-04-04T00:00:00.000' AS DateTime), CAST(N'2021-04-04T00:00:00.000' AS DateTime))
GO
INSERT [dbo].[ItemConfigurations] ([ItemConfigurationId], [CategoryId], [ItemId], [ItemPercentage], [IsActive], [AddedDate], [ModifiedDate]) VALUES (N'7068b043-b99b-47e3-9e26-f314480e8442', N'2bffb492-aa8c-4de1-bb40-6ccf2bbb5b8a', N'f0630ddb-01eb-429f-87c6-b02f50b7e576', 5, 1, CAST(N'2021-04-04T00:00:00.000' AS DateTime), CAST(N'2021-04-04T00:00:00.000' AS DateTime))
GO
INSERT [dbo].[Items] ([ItemId], [Name], [Description], [Type], [IsActive], [AddedDate], [ModifiedDate]) VALUES (N'5aae0246-8322-42e7-90d3-04776ba8d01f', N'Souvenirs', N'Souvenirs like gifts that would be shared at the party', 1, 1, CAST(N'2021-04-04T00:00:00.000' AS DateTime), CAST(N'2021-04-04T00:00:00.000' AS DateTime))
GO
INSERT [dbo].[Items] ([ItemId], [Name], [Description], [Type], [IsActive], [AddedDate], [ModifiedDate]) VALUES (N'8466e205-43b6-440e-9f2c-07336828c9ed', N'MC', N'Anchoring the event', 0, 1, CAST(N'2021-04-04T00:00:00.000' AS DateTime), CAST(N'2021-04-04T00:00:00.000' AS DateTime))
GO
INSERT [dbo].[Items] ([ItemId], [Name], [Description], [Type], [IsActive], [AddedDate], [ModifiedDate]) VALUES (N'd92cf6a5-74dd-4c13-89ff-11f6693572fe', N'Catering', N'Cooking and providing food', 0, 1, CAST(N'2021-04-04T00:00:00.000' AS DateTime), CAST(N'2021-04-04T00:00:00.000' AS DateTime))
GO
INSERT [dbo].[Items] ([ItemId], [Name], [Description], [Type], [IsActive], [AddedDate], [ModifiedDate]) VALUES (N'23a5b097-fb3a-485d-8dda-138e33fa6594', N'Shoes (Bride)', N'Shoes for the bride ', 1, 1, CAST(N'2021-04-04T00:00:00.000' AS DateTime), CAST(N'2021-04-04T00:00:00.000' AS DateTime))
GO
INSERT [dbo].[Items] ([ItemId], [Name], [Description], [Type], [IsActive], [AddedDate], [ModifiedDate]) VALUES (N'6a1dcdc3-59d7-4c94-90a7-1bfedddfff6e', N'Make-Up', N'Making up the face of the host', 0, 1, CAST(N'2021-04-04T00:00:00.000' AS DateTime), CAST(N'2021-04-04T00:00:00.000' AS DateTime))
GO
INSERT [dbo].[Items] ([ItemId], [Name], [Description], [Type], [IsActive], [AddedDate], [ModifiedDate]) VALUES (N'e0d335ae-99a0-418d-862c-59cabfc0e5d7', N'Cake', N'Cake', 1, 1, CAST(N'2021-04-04T00:00:00.000' AS DateTime), CAST(N'2021-04-04T00:00:00.000' AS DateTime))
GO
INSERT [dbo].[Items] ([ItemId], [Name], [Description], [Type], [IsActive], [AddedDate], [ModifiedDate]) VALUES (N'b598b334-2129-4bee-9e56-6b3d620d2d86', N'Event Planning', N'Planning an entire event', 0, 1, CAST(N'2021-04-04T00:00:00.000' AS DateTime), CAST(N'2021-04-04T00:00:00.000' AS DateTime))
GO
INSERT [dbo].[Items] ([ItemId], [Name], [Description], [Type], [IsActive], [AddedDate], [ModifiedDate]) VALUES (N'c61b7e89-0162-4513-b6f2-72e7497faf06', N'DJ', N'Playing of music', 0, 1, CAST(N'2021-04-04T00:00:00.000' AS DateTime), CAST(N'2021-04-04T00:00:00.000' AS DateTime))
GO
INSERT [dbo].[Items] ([ItemId], [Name], [Description], [Type], [IsActive], [AddedDate], [ModifiedDate]) VALUES (N'9e64c69d-c8ce-4521-b82d-8a813220b79a', N'Drinks', N'Provision of drinks', 1, 1, CAST(N'2021-04-04T00:00:00.000' AS DateTime), CAST(N'2021-04-04T00:00:00.000' AS DateTime))
GO
INSERT [dbo].[Items] ([ItemId], [Name], [Description], [Type], [IsActive], [AddedDate], [ModifiedDate]) VALUES (N'd6ae90e4-a82d-46ee-8d2c-9429a729e23c', N'Decoration', N'Making the event place beautiful', 0, 1, CAST(N'2021-04-04T00:00:00.000' AS DateTime), CAST(N'2021-04-04T00:00:00.000' AS DateTime))
GO
INSERT [dbo].[Items] ([ItemId], [Name], [Description], [Type], [IsActive], [AddedDate], [ModifiedDate]) VALUES (N'3cdda293-0f4f-4015-8598-a1d1ace4002c', N'Rings', N'Rings for the wedding ceremony', 1, 1, CAST(N'2021-04-04T00:00:00.000' AS DateTime), CAST(N'2021-04-04T00:00:00.000' AS DateTime))
GO
INSERT [dbo].[Items] ([ItemId], [Name], [Description], [Type], [IsActive], [AddedDate], [ModifiedDate]) VALUES (N'd44b9e78-f667-4bcf-a4f4-a7590da7b957', N'Hall', N'Venue of the event', 1, 1, CAST(N'2021-04-04T00:00:00.000' AS DateTime), CAST(N'2021-04-04T00:00:00.000' AS DateTime))
GO
INSERT [dbo].[Items] ([ItemId], [Name], [Description], [Type], [IsActive], [AddedDate], [ModifiedDate]) VALUES (N'f0630ddb-01eb-429f-87c6-b02f50b7e576', N'Wedding Gown', N'Wedding Gown', 1, 1, CAST(N'2021-04-04T00:00:00.000' AS DateTime), CAST(N'2021-04-04T00:00:00.000' AS DateTime))
GO
INSERT [dbo].[Items] ([ItemId], [Name], [Description], [Type], [IsActive], [AddedDate], [ModifiedDate]) VALUES (N'b81476d4-32e5-46dd-9750-b5f99c8d40bf', N'Photography', N'Capturing the days event', 0, 1, CAST(N'2021-04-04T00:00:00.000' AS DateTime), CAST(N'2021-04-04T00:00:00.000' AS DateTime))
GO
INSERT [dbo].[Items] ([ItemId], [Name], [Description], [Type], [IsActive], [AddedDate], [ModifiedDate]) VALUES (N'0c88307d-8251-4ae1-bcc6-c46330744ba0', N'Wedding Suit', N'Wedding Suit', 1, 1, CAST(N'2021-04-04T00:00:00.000' AS DateTime), CAST(N'2021-04-04T00:00:00.000' AS DateTime))
GO
INSERT [dbo].[Items] ([ItemId], [Name], [Description], [Type], [IsActive], [AddedDate], [ModifiedDate]) VALUES (N'591a9a8c-12db-4cc6-8cfb-d936cb67474b', N'Shoes (Groom)', N'Shoes for the groom', 1, 1, CAST(N'2021-04-04T00:00:00.000' AS DateTime), CAST(N'2021-04-04T00:00:00.000' AS DateTime))
GO
INSERT [dbo].[PriceRanges] ([PriceRangeId], [LowerLimit], [UpperLimit], [IsActive], [AddedDate], [ModifiedDate]) VALUES (N'49bfe76f-219e-434c-a5c9-1c80855412c5', 100000, 299000, 1, CAST(N'2021-04-11T00:00:00.000' AS DateTime), CAST(N'2021-04-11T00:00:00.000' AS DateTime))
GO
INSERT [dbo].[PriceRanges] ([PriceRangeId], [LowerLimit], [UpperLimit], [IsActive], [AddedDate], [ModifiedDate]) VALUES (N'2c45e36c-797f-41c7-8915-342097be9f5a', 300000, 499000, 1, CAST(N'2021-04-11T00:00:00.000' AS DateTime), CAST(N'2021-04-11T00:00:00.000' AS DateTime))
GO
INSERT [dbo].[PriceRanges] ([PriceRangeId], [LowerLimit], [UpperLimit], [IsActive], [AddedDate], [ModifiedDate]) VALUES (N'22b65bf3-d6ea-47ed-96a0-85abaa1995e7', 500000, 999000, 1, CAST(N'2021-04-11T00:00:00.000' AS DateTime), CAST(N'2021-04-11T00:00:00.000' AS DateTime))
GO
INSERT [dbo].[PriceRanges] ([PriceRangeId], [LowerLimit], [UpperLimit], [IsActive], [AddedDate], [ModifiedDate]) VALUES (N'3032380a-86e6-4772-b191-fc4a0b6ae25b', 1000000, 2000000, 1, CAST(N'2021-04-11T00:00:00.000' AS DateTime), CAST(N'2021-04-11T00:00:00.000' AS DateTime))
GO
INSERT [dbo].[Quotes] ([QuoteId], [QuoteJsonString], [AddedDate], [ModifiedDate]) VALUES (N'1cdf5139-6593-4ca0-a793-14737068afe6', N'[]', CAST(N'2021-04-04T18:56:44.917' AS DateTime), CAST(N'2021-04-04T18:56:44.917' AS DateTime))
GO
INSERT [dbo].[Quotes] ([QuoteId], [QuoteJsonString], [AddedDate], [ModifiedDate]) VALUES (N'04099f1a-9274-4ab0-8f9a-1a83b77f2418', N'[{"ItemId":"23a5b097-fb3a-485d-8dda-138e33fa6594","CategoryId":"2bffb492-aa8c-4de1-bb40-6ccf2bbb5b8a","ItemPercentage":1,"Name":"Shoes (Bride)","Description":"Shoes for the bride ","Type":0,"LowerLimit":10000,"UpperLimit":15000,"Vendors":[],"IsActive":false},{"ItemId":"9e64c69d-c8ce-4521-b82d-8a813220b79a","CategoryId":"2bffb492-aa8c-4de1-bb40-6ccf2bbb5b8a","ItemPercentage":18,"Name":"Drinks","Description":"Provision of drinks","Type":0,"LowerLimit":180000,"UpperLimit":270000,"Vendors":[],"IsActive":false},{"ItemId":"5aae0246-8322-42e7-90d3-04776ba8d01f","CategoryId":"2bffb492-aa8c-4de1-bb40-6ccf2bbb5b8a","ItemPercentage":8,"Name":"Souvenirs","Description":"Souvenirs like gifts that would be shared at the party","Type":0,"LowerLimit":80000,"UpperLimit":120000,"Vendors":[],"IsActive":false},{"ItemId":"6a1dcdc3-59d7-4c94-90a7-1bfedddfff6e","CategoryId":"2bffb492-aa8c-4de1-bb40-6ccf2bbb5b8a","ItemPercentage":1,"Name":"Make-Up","Description":"Making up the face of the host","Type":0,"LowerLimit":10000,"UpperLimit":15000,"Vendors":[],"IsActive":false},{"ItemId":"d92cf6a5-74dd-4c13-89ff-11f6693572fe","CategoryId":"2bffb492-aa8c-4de1-bb40-6ccf2bbb5b8a","ItemPercentage":22,"Name":"Catering","Description":"Cooking and providing food","Type":0,"LowerLimit":220000,"UpperLimit":330000,"Vendors":[],"IsActive":false},{"ItemId":"c61b7e89-0162-4513-b6f2-72e7497faf06","CategoryId":"2bffb492-aa8c-4de1-bb40-6ccf2bbb5b8a","ItemPercentage":1,"Name":"DJ","Description":"Playing of music","Type":0,"LowerLimit":10000,"UpperLimit":15000,"Vendors":[],"IsActive":false},{"ItemId":"b598b334-2129-4bee-9e56-6b3d620d2d86","CategoryId":"2bffb492-aa8c-4de1-bb40-6ccf2bbb5b8a","ItemPercentage":2,"Name":"Event Planning","Description":"Planning an entire event","Type":0,"LowerLimit":20000,"UpperLimit":30000,"Vendors":[],"IsActive":false},{"ItemId":"b81476d4-32e5-46dd-9750-b5f99c8d40bf","CategoryId":"2bffb492-aa8c-4de1-bb40-6ccf2bbb5b8a","ItemPercentage":6,"Name":"Photography","Description":"Capturing the days event","Type":0,"LowerLimit":60000,"UpperLimit":90000,"Vendors":[],"IsActive":false},{"ItemId":"d6ae90e4-a82d-46ee-8d2c-9429a729e23c","CategoryId":"2bffb492-aa8c-4de1-bb40-6ccf2bbb5b8a","ItemPercentage":10,"Name":"Decoration","Description":"Making the event place beautiful","Type":0,"LowerLimit":100000,"UpperLimit":150000,"Vendors":[],"IsActive":false},{"ItemId":"8466e205-43b6-440e-9f2c-07336828c9ed","CategoryId":"2bffb492-aa8c-4de1-bb40-6ccf2bbb5b8a","ItemPercentage":2,"Name":"MC","Description":"Anchoring the event","Type":0,"LowerLimit":20000,"UpperLimit":30000,"Vendors":[],"IsActive":false},{"ItemId":"0c88307d-8251-4ae1-bcc6-c46330744ba0","CategoryId":"2bffb492-aa8c-4de1-bb40-6ccf2bbb5b8a","ItemPercentage":5,"Name":"Wedding Suit","Description":"Wedding Suit","Type":0,"LowerLimit":50000,"UpperLimit":75000,"Vendors":[],"IsActive":false},{"ItemId":"e0d335ae-99a0-418d-862c-59cabfc0e5d7","CategoryId":"2bffb492-aa8c-4de1-bb40-6ccf2bbb5b8a","ItemPercentage":3,"Name":"Cake","Description":"Cake","Type":0,"LowerLimit":30000,"UpperLimit":45000,"Vendors":[],"IsActive":false},{"ItemId":"591a9a8c-12db-4cc6-8cfb-d936cb67474b","CategoryId":"2bffb492-aa8c-4de1-bb40-6ccf2bbb5b8a","ItemPercentage":1,"Name":"Shoes (Groom)","Description":"Shoes for the groom","Type":0,"LowerLimit":10000,"UpperLimit":15000,"Vendors":[],"IsActive":false},{"ItemId":"3cdda293-0f4f-4015-8598-a1d1ace4002c","CategoryId":"2bffb492-aa8c-4de1-bb40-6ccf2bbb5b8a","ItemPercentage":3,"Name":"Rings","Description":"Rings for the wedding ceremony","Type":0,"LowerLimit":30000,"UpperLimit":45000,"Vendors":[],"IsActive":false},{"ItemId":"d44b9e78-f667-4bcf-a4f4-a7590da7b957","CategoryId":"2bffb492-aa8c-4de1-bb40-6ccf2bbb5b8a","ItemPercentage":12,"Name":"Hall","Description":"Venue of the event","Type":0,"LowerLimit":120000,"UpperLimit":180000,"Vendors":[],"IsActive":false},{"ItemId":"f0630ddb-01eb-429f-87c6-b02f50b7e576","CategoryId":"2bffb492-aa8c-4de1-bb40-6ccf2bbb5b8a","ItemPercentage":5,"Name":"Wedding Gown","Description":"Wedding Gown","Type":0,"LowerLimit":50000,"UpperLimit":75000,"Vendors":[],"IsActive":false}]', CAST(N'2021-04-11T12:51:07.770' AS DateTime), CAST(N'2021-04-11T12:51:07.770' AS DateTime))
GO
INSERT [dbo].[Quotes] ([QuoteId], [QuoteJsonString], [AddedDate], [ModifiedDate]) VALUES (N'e8ce2358-7aa4-4f36-b276-51549b86d62b', N'[]', CAST(N'2021-04-04T18:57:05.103' AS DateTime), CAST(N'2021-04-04T18:57:05.103' AS DateTime))
GO
INSERT [dbo].[Quotes] ([QuoteId], [QuoteJsonString], [AddedDate], [ModifiedDate]) VALUES (N'4323887e-0a79-41ea-bb15-68749a6b0acf', N'[]', CAST(N'2021-04-11T12:00:26.913' AS DateTime), CAST(N'2021-04-11T12:00:26.913' AS DateTime))
GO
INSERT [dbo].[Quotes] ([QuoteId], [QuoteJsonString], [AddedDate], [ModifiedDate]) VALUES (N'dc2438fe-7d16-45db-9dd4-757631f125bb', N'[]', CAST(N'2021-04-11T10:48:02.683' AS DateTime), CAST(N'2021-04-11T10:48:02.683' AS DateTime))
GO
INSERT [dbo].[Quotes] ([QuoteId], [QuoteJsonString], [AddedDate], [ModifiedDate]) VALUES (N'2fc7952e-eb89-464e-87e8-a76f814096d4', N'[]', CAST(N'2021-04-04T19:59:56.687' AS DateTime), CAST(N'2021-04-04T19:59:56.687' AS DateTime))
GO
/****** Object:  Index [IX_CategoryId]    Script Date: 11/04/2021 13:53:29 ******/
CREATE NONCLUSTERED INDEX [IX_CategoryId] ON [dbo].[ItemCategories]
(
	[CategoryId] ASC
)WITH (PAD_INDEX = OFF, STATISTICS_NORECOMPUTE = OFF, SORT_IN_TEMPDB = OFF, DROP_EXISTING = OFF, ONLINE = OFF, ALLOW_ROW_LOCKS = ON, ALLOW_PAGE_LOCKS = ON) ON [PRIMARY]
GO
/****** Object:  Index [IX_ItemId]    Script Date: 11/04/2021 13:53:29 ******/
CREATE NONCLUSTERED INDEX [IX_ItemId] ON [dbo].[ItemCategories]
(
	[ItemId] ASC
)WITH (PAD_INDEX = OFF, STATISTICS_NORECOMPUTE = OFF, SORT_IN_TEMPDB = OFF, DROP_EXISTING = OFF, ONLINE = OFF, ALLOW_ROW_LOCKS = ON, ALLOW_PAGE_LOCKS = ON) ON [PRIMARY]
GO
/****** Object:  Index [IX_CategoryId]    Script Date: 11/04/2021 13:53:29 ******/
CREATE NONCLUSTERED INDEX [IX_CategoryId] ON [dbo].[ItemConfigurations]
(
	[CategoryId] ASC
)WITH (PAD_INDEX = OFF, STATISTICS_NORECOMPUTE = OFF, SORT_IN_TEMPDB = OFF, DROP_EXISTING = OFF, ONLINE = OFF, ALLOW_ROW_LOCKS = ON, ALLOW_PAGE_LOCKS = ON) ON [PRIMARY]
GO
/****** Object:  Index [IX_ItemId]    Script Date: 11/04/2021 13:53:29 ******/
CREATE NONCLUSTERED INDEX [IX_ItemId] ON [dbo].[ItemConfigurations]
(
	[ItemId] ASC
)WITH (PAD_INDEX = OFF, STATISTICS_NORECOMPUTE = OFF, SORT_IN_TEMPDB = OFF, DROP_EXISTING = OFF, ONLINE = OFF, ALLOW_ROW_LOCKS = ON, ALLOW_PAGE_LOCKS = ON) ON [PRIMARY]
GO
/****** Object:  Index [IX_CategoryId]    Script Date: 11/04/2021 13:53:29 ******/
CREATE NONCLUSTERED INDEX [IX_CategoryId] ON [dbo].[VendorItems]
(
	[CategoryId] ASC
)WITH (PAD_INDEX = OFF, STATISTICS_NORECOMPUTE = OFF, SORT_IN_TEMPDB = OFF, DROP_EXISTING = OFF, ONLINE = OFF, ALLOW_ROW_LOCKS = ON, ALLOW_PAGE_LOCKS = ON) ON [PRIMARY]
GO
/****** Object:  Index [IX_ItemId]    Script Date: 11/04/2021 13:53:29 ******/
CREATE NONCLUSTERED INDEX [IX_ItemId] ON [dbo].[VendorItems]
(
	[ItemId] ASC
)WITH (PAD_INDEX = OFF, STATISTICS_NORECOMPUTE = OFF, SORT_IN_TEMPDB = OFF, DROP_EXISTING = OFF, ONLINE = OFF, ALLOW_ROW_LOCKS = ON, ALLOW_PAGE_LOCKS = ON) ON [PRIMARY]
GO
/****** Object:  Index [IX_VendorId]    Script Date: 11/04/2021 13:53:29 ******/
CREATE NONCLUSTERED INDEX [IX_VendorId] ON [dbo].[VendorItems]
(
	[VendorId] ASC
)WITH (PAD_INDEX = OFF, STATISTICS_NORECOMPUTE = OFF, SORT_IN_TEMPDB = OFF, DROP_EXISTING = OFF, ONLINE = OFF, ALLOW_ROW_LOCKS = ON, ALLOW_PAGE_LOCKS = ON) ON [PRIMARY]
GO
ALTER TABLE [dbo].[Vendors] ADD  DEFAULT ('1900-01-01T00:00:00.000') FOR [ExpiryDate]
GO
ALTER TABLE [dbo].[Vendors] ADD  DEFAULT ((0)) FOR [AccountIsConfirmed]
GO
ALTER TABLE [dbo].[Vendors] ADD  DEFAULT ((0)) FOR [IsTempPassword]
GO
ALTER TABLE [dbo].[ItemCategories]  WITH CHECK ADD  CONSTRAINT [FK_dbo.ItemCategories_dbo.Categories_CategoryId] FOREIGN KEY([CategoryId])
REFERENCES [dbo].[Categories] ([CategoryId])
ON DELETE CASCADE
GO
ALTER TABLE [dbo].[ItemCategories] CHECK CONSTRAINT [FK_dbo.ItemCategories_dbo.Categories_CategoryId]
GO
ALTER TABLE [dbo].[ItemCategories]  WITH CHECK ADD  CONSTRAINT [FK_dbo.ItemCategories_dbo.Items_ItemId] FOREIGN KEY([ItemId])
REFERENCES [dbo].[Items] ([ItemId])
ON DELETE CASCADE
GO
ALTER TABLE [dbo].[ItemCategories] CHECK CONSTRAINT [FK_dbo.ItemCategories_dbo.Items_ItemId]
GO
ALTER TABLE [dbo].[ItemConfigurations]  WITH CHECK ADD  CONSTRAINT [FK_dbo.ItemConfigurations_dbo.Categories_CategoryId] FOREIGN KEY([CategoryId])
REFERENCES [dbo].[Categories] ([CategoryId])
ON DELETE CASCADE
GO
ALTER TABLE [dbo].[ItemConfigurations] CHECK CONSTRAINT [FK_dbo.ItemConfigurations_dbo.Categories_CategoryId]
GO
ALTER TABLE [dbo].[ItemConfigurations]  WITH CHECK ADD  CONSTRAINT [FK_dbo.ItemConfigurations_dbo.Items_ItemId] FOREIGN KEY([ItemId])
REFERENCES [dbo].[Items] ([ItemId])
ON DELETE CASCADE
GO
ALTER TABLE [dbo].[ItemConfigurations] CHECK CONSTRAINT [FK_dbo.ItemConfigurations_dbo.Items_ItemId]
GO
ALTER TABLE [dbo].[VendorItems]  WITH CHECK ADD  CONSTRAINT [FK_dbo.VendorItems_dbo.Categories_CategoryId] FOREIGN KEY([CategoryId])
REFERENCES [dbo].[Categories] ([CategoryId])
ON DELETE CASCADE
GO
ALTER TABLE [dbo].[VendorItems] CHECK CONSTRAINT [FK_dbo.VendorItems_dbo.Categories_CategoryId]
GO
ALTER TABLE [dbo].[VendorItems]  WITH CHECK ADD  CONSTRAINT [FK_dbo.VendorItems_dbo.Items_ItemId] FOREIGN KEY([ItemId])
REFERENCES [dbo].[Items] ([ItemId])
ON DELETE CASCADE
GO
ALTER TABLE [dbo].[VendorItems] CHECK CONSTRAINT [FK_dbo.VendorItems_dbo.Items_ItemId]
GO
ALTER TABLE [dbo].[VendorItems]  WITH CHECK ADD  CONSTRAINT [FK_dbo.VendorItems_dbo.Vendors_VendorId] FOREIGN KEY([VendorId])
REFERENCES [dbo].[Vendors] ([VendorId])
ON DELETE CASCADE
GO
ALTER TABLE [dbo].[VendorItems] CHECK CONSTRAINT [FK_dbo.VendorItems_dbo.Vendors_VendorId]
GO
USE [master]
GO
ALTER DATABASE [PlanPaddyTest] SET  READ_WRITE 
GO
